candidate_id,article_id,title,url,hold_reason
98,1002411203,"Sự kiện IFA 2024: Bùng nổ sáng tạo, định hình xu hướng công nghệ mới",https://sintech.vn/blogs/news/su-kien-ifa-2024-bung-no-sang-tao-dinh-hinh-xu-huong-cong-nghe-moi,HEAVY (14 claim cần web-verify)
126,1002413939,"[IFA 2024] Có gì tại gian trưng bày của Samsung: đồ gì cũng tích hợp AI, rồi có cả màn hình 3D không cần kính!",https://sintech.vn/blogs/news/ifa-2024-co-gi-tai-gian-trung-bay-cua-samsung-do-gi-cung-tich-hop-a,HEAVY (4 claim cần web-verify)
120,1002413861,"Ra mắt iPhone mới, Apple vẫn phải đối mặt với nỗi sợ 'bán ế' tại Trung Quốc?",https://sintech.vn/blogs/news/ra-mat-iphone-moi-apple-van-phai-doi-mat-voi-noi-so-ban-e-tai-trung,HEAVY (5 claim cần web-verify)
124,1002413914,"""Nóng"" cuộc đua phủ trạm sạc xe điện: Công ty của ông Phạm Nhật Vượng muốn biến siêu thị, quán cafe thành điểm sạc, gã khổng lồ tỷ USD ngành điện rục rịch tham gia",https://sintech.vn/blogs/news/nong-cuoc-dua-phu-tram-sac-xe-dien-cong-ty-cua-ong-pham-nhat-vuong,HEAVY (5 claim cần web-verify)
190,1002533590,Dòng card đồ họa NVIDIA RTX 50 có mức giá khởi điểm từ 549 USD.,https://sintech.vn/blogs/news/dong-card-do-hoa-nvidia-rtx-50-co-muc-gia-khoi-diem-tu-549-usd,HEAVY (5 claim cần web-verify)
214,1002693503,"IPhone Gập: Apple Đã Sẵn Sàng “Gấp Gọn” Thế Giới Của Bạn, Nhưng iPad Gập Thì Vẫn... Ngủ Đông",https://sintech.vn/blogs/news/iphone-gap-apple-da-san-sang-gap-gon-the-gioi-cua-ban-nhung-ipad-g,HEAVY (5 claim cần web-verify)
50,1002358515,Microsoft kết thúc hỗ trợ Windows 11 21H2 và 22H2 sau 90 ngày,https://sintech.vn/blogs/news/microsoft-ket-thuc-ho-tro-windows-11-21h2-va-22h2-sau-90-ngay,HEAVY (6 claim cần web-verify)
118,1002413806,Hisense nâng tầm trải nghiệm chơi game với màn hình cỡ lớn tại IFA 2024,https://sintech.vn/blogs/news/hisense-nang-tam-trai-nghiem-choi-game-voi-man-hinh-co-lon-tai-ifa-202,HEAVY (6 claim cần web-verify)
205,1002593968,"NVIDIA tung RTX 5060 Ti ngay khi hết lệnh cấm review, RTX 5060 ra mắt tháng 5!",https://sintech.vn/blogs/news/nvidia-tung-rtx-5060-ti-ngay-khi-het-lenh-cam-review-rtx-5060-ra-mat,HEAVY (6 claim cần web-verify)
211,1002601884,"Intel ra mắt CPU Core Ultra 300 (Panther Lake) năm 2026, sản xuất hàng loạt từ cuối 2025",https://sintech.vn/blogs/news/intel-ra-mat-cpu-core-ultra-300-panther-lake-nam-2026-san-xuat-hang,HEAVY (7 claim cần web-verify)
115,1002413774,"Ra mắt iPhone 16 là sự kiện ""chán nhất từ trước đến nay"" của Apple: Phép màu Steve Jobs đâu rồi?",https://sintech.vn/blogs/news/ra-mat-iphone-16-la-su-kien-chan-nhat-tu-truoc-den-nay-cua-apple-ph,HEAVY (9 claim cần web-verify)
55,1002398280,Nvidia sắp ngừng sản xuất card đồ họa GeForce RTX 3060,https://sintech.vn/blogs/news/nvidia-sap-ngung-san-xuat-card-do-hoa-geforce-rtx-3060,RUMOR (sản phẩm chưa ra)
93,1002411087,Rò rỉ về Nvidia RTX 5080 khiến một số game thủ PC lo lắng rằng Nvidia chưa rút ra bài học từ vụ lùm xùm với RTX 4080.,https://sintech.vn/blogs/news/ro-ri-ve-nvidia-rtx-5080-khien-mot-so-game-thu-pc-lo-lang-rang-nvidia,RUMOR (sản phẩm chưa ra)
95,1002411121,Windows 12: Hệ điều hành mới nhất của Microsoft có gì hấp dẫn?,https://sintech.vn/blogs/news/windows-12-he-dieu-hanh-moi-nhat-cua-microsoft-co-gi-hap-dan,RUMOR (sản phẩm chưa ra)
119,1002413818,Chip A18 trên iPhone 16 lộ điểm benchmark khó hiểu,https://sintech.vn/blogs/news/chip-a18-tren-iphone-16-lo-diem-benchmark-kho-hieu,RUMOR (sản phẩm chưa ra)
157,1002423203,"Lộ thông tin về Arrow Lake-HX Series cho laptop: 24 nhân, xung 5.5 GHz",https://sintech.vn/blogs/news/lo-thong-tin-ve-arrow-lake-hx-series-cho-laptop-24-nhan-xung-5-5-ghz,RUMOR (sản phẩm chưa ra)
158,1002423204,"AMD Ryzen 200 và Intel Core 200 dự kiến ra mắt từ cuối năm nay, dành cho laptop hiệu năng cao",https://sintech.vn/blogs/news/amd-ryzen-200-va-intel-core-200-du-kien-ra-mat-tu-cuoi-nam-nay-danh-c,RUMOR (sản phẩm chưa ra)
192,1002538817,"Intel Được Đồn Đoán Sẽ Ra Mắt GPU Battlemage 24GB Bộ Nhớ Vào Năm 2025, Hướng Tới Thị Trường Năng Suất",https://sintech.vn/blogs/news/intel-duoc-don-doan-se-ra-mat-gpu-battlemage-24gb-bo-nho-vao-nam-2025,RUMOR (sản phẩm chưa ra)
200,1002574920,Laptop NVIDIA RTX 50 bị trì hoãn! Dời lịch ra mắt dự kiến vào tháng 4-5,https://sintech.vn/blogs/news/cap-nhat-khong-thieu-rop-laptop-nvidia-rtx-50-bi-tri-hoan-ra-mat-d,RUMOR (sản phẩm chưa ra)
201,1002574943,"AMD xác nhận ngày ra mắt Ryzen 9 9900X3D & 9950X3D, Trung Quốc rò rỉ giá bán dự kiến",https://sintech.vn/blogs/news/amd-xac-nhan-ngay-ra-mat-ryzen-9-9900x3d-9950x3d-trung-quoc-ro-ri-g,RUMOR (sản phẩm chưa ra)
206,1002594009,"Dòng APU AMD Gorgon Point ""Ryzen AI"" Lộ Diện: Xung Nhịp Cao Hơn, NPU Trên 55 TOPS – Ryzen AI MAX ""Medusa/Zen 6"" Được Xác Nhận",https://sintech.vn/blogs/news/dong-apu-amd-gorgon-point-ryzen-ai-lo-dien-xung-nhip-cao-hon-npu-t,RUMOR (sản phẩm chưa ra)
207,1002594736,Lộ Diện GeForce RTX 5060 & 5050 Laptop: ASUS Xác Nhận Cả Hai Đều Dùng 8GB GDDR7,https://sintech.vn/blogs/news/lo-dien-geforce-rtx-5060-5050-laptop-asus-xac-nhan-ca-hai-deu-dung,RUMOR (sản phẩm chưa ra)
208,1002594907,"AMD Radeon RX 9050 ""lộ diện"" tình cờ trên trang cửa hàng điện tử bán lẻ – GPU RDNA 4 giá rẻ sắp ra mắt?",https://sintech.vn/blogs/news/amd-radeon-rx-9050-lo-dien-tinh-co-tren-trang-cua-hang-dien-tu-ban-l,RUMOR (sản phẩm chưa ra)
70,1002399869,"Cấu hình chơi FIFA Online 4 Trên PC, Laptop",https://sintech.vn/blogs/news/cau-hinh-choi-fifa-online-4-tren-pc-laptop,SPEC_ERROR (RTX1060/18GB)
