dead_url,source_url,anchor_text,placement
https://sintech.vn/collections/ban-chu-z,https://sintech.vn/products/ghe-gaming-centaur-legend-den-nhung-hong,Bàn chữ Z,body
https://sintech.vn/collections/case-may-tinh,https://sintech.vn/blogs/news/asus-ra-mat-bo-pc-hatsune-miku-full-gear-tu-linh-kien-den-thoi-tran,case máy tính,body
https://sintech.vn/collections/mainboard-asus,https://sintech.vn/blogs/news/asus-ra-mat-bo-pc-hatsune-miku-full-gear-tu-linh-kien-den-thoi-tran,mainboard ASUS,body
https://sintech.vn/collections/man-hinh,https://sintech.vn/collections/ban-phim-co-aula,Màn hình,body
https://sintech.vn/collections/man-hinh,https://sintech.vn/collections/ban-chu-z,Màn hình,body
https://sintech.vn/collections/man-hinh,https://sintech.vn/collections/o-cung-hdd,Màn hình,body
https://sintech.vn/collections/man-hinh,https://sintech.vn/collections/o-cung-hdd,Màn hình,body
https://sintech.vn/collections/man-hinh,https://sintech.vn/collections/case-may-tinh,Màn hình,body
https://sintech.vn/collections/man-hinh,https://sintech.vn/collections/mainboard-asus,Màn hình,body
https://sintech.vn/collections/man-hinh,https://sintech.vn/collections/mainboard-asus,Màn hình,body
https://sintech.vn/collections/man-hinh,https://sintech.vn/collections/mainboard-asus,Màn hình,body
https://sintech.vn/collections/man-hinh,https://sintech.vn/collections/mainboard-asus,Màn hình,body
https://sintech.vn/collections/man-hinh,https://sintech.vn/collections/vga-asus,Màn hình,body
https://sintech.vn/collections/man-hinh,https://sintech.vn/collections/man-hinh,Màn hình,body
https://sintech.vn/collections/man-hinh,https://sintech.vn/collections/man-hinh,Màn hình,body
https://sintech.vn/collections/man-hinh,https://sintech.vn/collections/man-hinh,Màn hình,body
https://sintech.vn/collections/man-hinh,https://sintech.vn/collections/man-hinh,Màn hình,body
https://sintech.vn/collections/man-hinh,https://sintech.vn/collections/man-hinh,Màn hình,body
https://sintech.vn/collections/man-hinh,https://sintech.vn/collections/ban-phim-co-aula,Màn hình,body
https://sintech.vn/collections/man-hinh,https://sintech.vn/collections/ban-chu-z,Màn hình,body
https://sintech.vn/collections/man-hinh,https://sintech.vn/collections/o-cung-hdd,Màn hình,body
https://sintech.vn/collections/man-hinh,https://sintech.vn/collections/o-cung-hdd,Màn hình,body
https://sintech.vn/collections/man-hinh,https://sintech.vn/collections/case-may-tinh,Màn hình,body
https://sintech.vn/collections/man-hinh,https://sintech.vn/collections/mainboard-asus,Màn hình,body
https://sintech.vn/collections/man-hinh,https://sintech.vn/collections/mainboard-asus,Màn hình,body
https://sintech.vn/collections/man-hinh,https://sintech.vn/collections/mainboard-asus,Màn hình,body
https://sintech.vn/collections/man-hinh,https://sintech.vn/collections/mainboard-asus,Màn hình,body
https://sintech.vn/collections/man-hinh,https://sintech.vn/collections/vga-asus,Màn hình,body
https://sintech.vn/collections/man-hinh,https://sintech.vn/collections/man-hinh,Màn hình,body
https://sintech.vn/collections/man-hinh,https://sintech.vn/collections/man-hinh,Màn hình,body
https://sintech.vn/collections/man-hinh,https://sintech.vn/collections/man-hinh,Màn hình,body
https://sintech.vn/collections/man-hinh,https://sintech.vn/collections/man-hinh,Màn hình,body
https://sintech.vn/collections/man-hinh,https://sintech.vn/collections/man-hinh,Màn hình,body
https://sintech.vn/collections/o-cung-hdd,https://sintech.vn/blogs/news/cach-khoi-phuc-file-da-xoa-tren-windows-11-trong-tich-tac,ổ cứng HDD,body
https://sintech.vn/collections/vga-asus,https://sintech.vn/blogs/news/asus-ra-mat-bo-pc-hatsune-miku-full-gear-tu-linh-kien-den-thoi-tran,VGA ASUS,body
