"","Checklist Template E-E-A-T (Onsite)  ✓HEROSEO Agency Hạng mục I","Công việc tối ưu EXPERIENCE ( Trải nghiệm)","Note ","","","","","","","","","","","","","","","","","","","","","",""
"","1","Nếu được thì nên ưu tiên sử dụng đại từ nhân xưng ngôi thứ nhất như “Tôi” “Chúng tôi” “Chúng tôi”, v.v. trong bài viết.","","","","","","","","","","","","","","","","","","","","","","",""
"","2","Nên có các đoạn đưa ra các trải nghiệm thực tế và ý kiến ​​cá nhân trong bài viết","","","","","","","","","","","","","","","","","","","","","","",""
"","3","Nên dùng các từ như ""Trong nghiên cứu của mình, mình phát hiện ra..."" để thay thế các từ như "" Nghiên cứu chỉ ra rằng...""","","","","","","","","","","","","","","","","","","","","","","",""
"","4","Nên dùng các từ như ""Khi sử dụng sản phẩm, mình nhận thấy nó có... "" để thay thế các từ như "" Sản phẩm có...""","","","","","","","","","","","","","","","","","","","","","","",""
"","5","Nên sử dụng ngôn ngữ mô tả trải nghiệm cá nhân của bạn với sản phẩm hoặc dịch vụ thay vì chỉ chỉ sử dụng các thông tin khách quan.","","","","","","","","","","","","","","","","","","","","","","",""
"","6","Tiêu đề không phóng đại, gây sốc, phóng đại","","","","","","","","","","","","","","","","","","","","","","",""
"","7","Trong nội dung không cam kết những điều không làm được, như cam kết chữa khỏi 100%, …","","","","","","","","","","","","","","","","","","","","","","",""
"","8","Không dùng banner điều hướng quá nhiều về dịch vụ sản phẩm","","","","","","","","","","","","","","","","","","","","","","",""
"","9","Không dùng internal link đánh lừa người dùng đến trang bán hàng","","","","","","","","","","","","","","","","","","","","","","",""
"","","EXPERTISE ( Chuyên môn)","","","","","","","","","","","","","","","","","","","","","","",""
"","1","Tạo hồ sơ tác giả thực, hạn chế sử dụng tác giả ảo, bút danh, hay fake tác giả khác","Giới thiệu tác giả: Đầy đủ thông tin tác giả, nghề nghiệp, quê quán, địa chỉ, thời gian làm trong lĩnh vực này, chứng chỉ bằng cấp kinh nghiệm","","","","","","","","","","","","","","","","","","","","","",""
"","2","Tạo một trang tác giả chi tiết","","","","","","","","","","","","","","","","","","","","","","",""
"","3","Nội dung có mức độ trình bày chi tiết, có số liệu, độc quyền và gắn nguồn rõ ràng","","","","","","","","","","","","","","","","","","","","","","",""
"","4","Thêm Schema Tác giả trên tất cả bài viết","https://youtu.be/Z_TqGltil2k?si=svE6NQTXEFBuqE6G","","","","","","","","","","","","","","","","","","","","","",""
"","5","Thêm các mạng xã hội trên trang tác giả như Facebook, Twitter, Linkedin","","","","","","","","","","","","","","","","","","","","","","",""
"","6","Thiết lập các thuộc tính SameAs bằng Rankmath","https://developers.google.com/search/docs/appearance/structured-data/article?hl=vi","","","","","","","","","","","","","","","","","","","","","",""
"","7","Thêm hộp tác giả cho tất cả bài viết","","","","","","","","","","","","","","","","","","","","","","",""
"","8","Sử dụng schema person để liên kết đến các trang thông tin về tác giả trên Wikipedia, Wikidata hoặc Linkedin.","https://youtu.be/Z_TqGltil2k?si=svE6NQTXEFBuqE6G","","","","","","","","","","","","","","","","","","","","","",""
"","9","Tối ưu trang Giới thiệu về chúng tôi thật chi tiết.","https://dichvuseotongthe.vn/gioi-thieu/","","","","","","","","","","","","","","","","","","","","","",""
"","10","Có section hiển thị các giải thưởng, thành tích đạt được của đội ngũ, doanh nghiệp.hoặc đạt được những thành tích được công nhận","https://dichvuseotongthe.vn/gioi-thieu/","","","","","","","","","","","","","","","","","","","","","",""
"","11","Trang thể hiện các giấy chứng nhận về dịch vụ, sản phẩm kinh doanh.","","","","","","","","","","","","","","","","","","","","","","",""
"","12","Bổ sung các thông tin sự kiện, hoạt động nội bộ mà doanh nghiệp tham gia hoặc tổ chức.","","","","","","","","","","","","","","","","","","","","","","",""
"","13","Báo chí đề cập hoặc các phương tiện truyền thông đề cập đến trang web","Đặt các báo lớn, Guest Post có Traffic độ uy tín cao","","","","","","","","","","","","","","","","","","","","","",""
"","","AUTHORITY (Thẩm quyền)","","","","","","","","","","","","","","","","","","","","","","",""
"","1","Xây dựng cấu trúc silo với bài viết chính và các bài viết bổ trợ","","","","","","","","","","","","","","","","","","","","","","",""
"","2","Bao gồm các chủ đề có lượng tìm kiếm thấp nhưng quan trọng đối với tin tức thời sự","","","","","","","","","","","","","","","","","","","","","","",""
"","3","Loại bỏ các trang mồ côi thông qua liên kết nội bộ hiệu quả. Sử dụng plugin LinkWhispercho để tối ưu internal link","","","","","","","","","","","","","","","","","","","","","","",""
"","4","Viết các bài đăng quan điểm trong thị trường ngách của bạn cho các trang web khác trong thị trường ngách của bạn","","","","","","","","","","","","","","","","","","","","","","",""
"","5","Tham gia các sự kiện trong lĩnh vực của bạn để có liên kết PR","","","","","","","","","","","","","","","","","","","","","","",""
"","6","Khai thác toàn bộ chủ đề chuyên sâu, cung cấp đầy đủ thông tin, nội dung có giá trị trong lĩnh vực bạn đang kinh doanh là cách để xây dựng Topical authority.","","","","","","","","","","","","","","","","","","","","","","",""
"","7","Bật tính năng Comment và lên kế hoạch thu thập thêm nhiều bình luận tích cực về doanh nghiệp, sản phẩm, dịch vụ đang kinh doanh.","","","","","","","","","","","","","","","","","","","","","","",""
"","8","Xây dựng hệ sinh thái social lớn để làm brand","","","","","","","","","","","","","","","","","","","","","","",""
"","","TRUST (Độ Tin Cậy)","","","","","","","","","","","","","","","","","","","","","","",""
"","1","Thêm địa chỉ vào Footer","","","","","","","","","","","","","","","","","","","","","","",""
"","2","Thêm số điện thoại vào Footer","","","","","","","","","","","","","","","","","","","","","","",""
"","3","Có nguồn tham khảo (nếu có)","","","","","","","","","","","","","","","","","","","","","","",""
"","4","Ảnh tham khảo ở đâu ( nếu có)","","","","","","","","","","","","","","","","","","","","","","",""
"","5","Cải thiện giao diện người dùng để tăng cường sự tin tưởng","","","","","","","","","","","","","","","","","","","","","","",""
"","6","Tạo nhiều địa chỉ email (biên tập viên, quảng cáo, công việc, truyền thông, v.v.) và đặt chúng trên trang Liên hệ","","","","","","","","","","","","","","","","","","","","","","",""
"","7","Tạo trang Giới thiệu về chúng tôi/Công ty và liệt kê tầm nhìn, đội ngũ của bạn và lý do bạn tham gia kinh doanh","","","","","","","","","","","","","","","","","","","","","","",""
"","8","Thêm Organization Schema bằng RankMath vào trang chủ","","","","","","","","","","","","","","","","","","","","","","",""
"","9","Liên kết đến tất cả các trang tác giả từ trang Giới thiệu","","","","","","","","","","","","","","","","","","","","","","",""
"","10","Bao gồm ký hiệu Nhãn hiệu đã đăng ký (©) có tên và logo của bạn","","","","","","","","","","","","","","","","","","","","","","",""
"","11","Tạo các trang pháp lý (quyền riêng tư, điều khoản & điều kiện, hướng dẫn biên tập)","","","","","","","","","","","","","","","","","","","","","","",""
"","12","Tạo sơ đồ trang web HTML và đặt nó vào menu chân trang","","","","","","","","","","","","","","","","","","","","","","",""
"","13","Định cấu hình cửa sổ bật lên tuân thủ GDPR","","","","","","","","","","","","","","","","","","","","","","",""
"","14","Tối ưu đầy đủ, chi tiết trang giới thiệu (about us)","","","","","","","","","","","","","","","","","","","","","","",""
"","15","Có trang đội ngũ nhân viên","","","","","","","","","","","","","","","","","","","","","","",""
"","16","Có trang chính sách bảo mật","","","","","","","","","","","","","","","","","","","","","","",""
"","17","Có trang điều khoản và điều kiện","","","","","","","","","","","","","","","","","","","","","","",""
"","18","Có các trang Chính sách đổi trả/ hoàn tiền/ khiếu nại","","","","","","","","","","","","","","","","","","","","","","",""
"","19","Thông báo công khai việc sử dụng Cookie khi người dùng truy cập vào trang web.","","","","","","","","","","","","","","","","","","","","","","",""
"","20","GDPR (General Data Protection Regulation)","","","","","","","","","","","","","","","","","","","","","","",""
"","21","Tuân thủ ADA nếu có","","","","","","","","","","","","","","","","","","","","","","",""
"","22","Website phải tối ưu chuẩn ở phiên bản mobile","","","","","","","","","","","","","","","","","","","","","","",""
"","23","Hạn chế số lượng link 404 trên website","","","","","","","","","","","","","","","","","","","","","","",""
"","24","Hạn chế các link gãy (broken link) Không lỗi 500s","","","","","","","","","","","","","","","","","","","","","","",""
"","25","Có chứng chỉ SSL","","","","","","","","","","","","","","","","","","","","","","",""